university,career,inscription_date,firstname,lastname,gender,age,location,postal_code,email
Universidad-nacional-de-río-cuarto,Licenciatura-en-terapia-ocupacional,20/Jan/21,Kenneth,chung,M,88.0,"Unit-2453-box-8062
dpo-ap-24105",6451,Margaret92@hotmail.com
Universidad-nacional-de-río-cuarto,Licenciatura-en-terapia-ocupacional,20/Jan/21,Kenneth,chung,M,88.0,"Unit-2453-box-8062
dpo-ap-24105",5561,Margaret92@hotmail.com
Universidad-nacional-de-río-cuarto,Licenciatura-en-ciencias-de-la-educación-,20/Oct/20,James,andersen,M,25.0,"5436-randy-summit
south-melissafurt,-ak-87534",6437,Rachelcobb@yahoo.com
Universidad-nacional-de-río-cuarto,Licenciatura-en-gestión-de-agroalimentos,21/Nov/20,Karen,lewis,F,73.0,"68423-alex-ports-suite-312
lake-kimberly,-ia-94129",7639,Mirandadaniel@gmail.com
Universidad-nacional-de-río-cuarto,Arquitectura,19/Dec/20,Andrew,villegas,M,101.0,"21692-lopez-isle
jasonhaven,-sd-98454",2179,Smithmichael@hotmail.com
Universidad-nacional-de-río-cuarto,Agronomía,19/Oct/20,Chad,wilson,M,87.0,"632-church-flats
south-suzanneshire,-az-60769",1686,Robertjimenez@gmail.com
Universidad-nacional-de-río-cuarto,Contador-público-,20/Dec/20,Brian,shannon,M,93.0,"Psc-6549,-box-2076
apo-aa-66496",3526,Hernandezregina@hotmail.com
Universidad-nacional-de-río-cuarto,Técnico-para-bioterios-,20/Dec/20,John,thompson,M,54.0,"423-kayla-fields-apt.-826
lake-peter,-nh-30100",3557,Ericamoore@gmail.com
Universidad-nacional-de-río-cuarto,Técnico-para-bioterios-,20/Dec/20,John,thompson,M,54.0,"423-kayla-fields-apt.-826
lake-peter,-nh-30100",3386,Ericamoore@gmail.com
Universidad-nacional-de-río-cuarto,Arquitectura,19/Oct/20,Tracy,mcintosh,F,29.0,"1636-lori-ville
lake-sheila,-tn-09372",6612,Scottvazquez@hotmail.com
Universidad-nacional-de-río-cuarto,Licenciatura-en-kinesiología-y-fisiatría,19/Nov/20,William,page,M,77.0,"165-brown-mount
robinsonside,-id-98642",8183,Wiselaura@gmail.com
Universidad-nacional-de-río-cuarto,Diseño-de-imagen-y-sonido,19/Dec/20,Christina,thomas,F,7.0,"7314-rebecca-ridge-apt.-283
new-ryan,-in-51775",5707,Qhernandez@hotmail.com
Universidad-nacional-de-río-cuarto,Licenciatura-en-ciencias-de-la-educación-,21/Oct/20,Sabrina,reynolds,F,13.0,"63687-munoz-greens-suite-503
michellemouth,-ms-98640",6559,Vroberts@hotmail.com
Universidad-nacional-de-río-cuarto,Licenciatura-en-musicoterapia,19/Dec/20,Julia,cook,F,49.0,"Unit-9736-box-2893
dpo-ae-11119",6652,Bradydanny@yahoo.com
Universidad-nacional-de-río-cuarto,Diseño-industrial,19/Oct/20,Troy,calderon,M,45.0,"3659-olson-inlet-apt.-043
ortizmouth,-tn-13073",2445,Dennisrichard@hotmail.com
Universidad-nacional-de-río-cuarto,Medicina,21/Jan/21,Katelyn,austin,F,86.0,"619-brandon-ports-suite-580
port-james,-ak-48290",3048,Xmiller@yahoo.com
Universidad-nacional-de-río-cuarto,Licenciatura-en-artes,19/Oct/20,Rita,torres,F,34.0,"9031-porter-highway
new-jennifer,-ar-44395",1733,Harrisphillip@gmail.com
Universidad-nacional-de-río-cuarto,Técnico-para-bioterios-,21/Dec/20,Katelyn,thompson,F,28.0,"280-bell-fords-suite-248
new-brian,-mo-25730",6434,Dawnmata@gmail.com
Universidad-nacional-de-río-cuarto,Licenciatura-en-planificación-y-diseño-del-paisaje,21/Jan/21,Samantha,ballard,F,10.0,"90902-marc-radial-suite-773
rogerburgh,-tx-02149",1889,Gramos@gmail.com
Universidad-nacional-de-río-cuarto,Licenciatura-en-ciencias-ambientales,19/Dec/20,Nicole,cooper,F,97.0,"7016-phillips-villages-suite-353
brucemouth,-ms-77989",2214,Griffinlarry@hotmail.com
Universidad-nacional-de-río-cuarto,Licenciatura-en-ciencia-y-tecnología-de-alimentos,21/Sep/20,Donna,moore,F,21.0,"024-nicole-forges-suite-508
aprilfurt,-az-74651",1984,Stuartmatthew@hotmail.com
Universidad-nacional-de-río-cuarto,Ciencias-veterinarias,21/Jan/21,Joshua,perry,M,31.0,"057-rodriguez-street
michelleton,-id-97730",4634,Kelly94@hotmail.com
Universidad-nacional-de-río-cuarto,Medicina,19/Dec/20,Jeffrey,anderson,M,101.0,"47158-baker-branch-apt.-403
west-matthew,-tx-73153",8371,Joe80@gmail.com
Universidad-nacional-de-río-cuarto,Medicina,19/Dec/20,Jeffrey,anderson,M,101.0,"47158-baker-branch-apt.-403
west-matthew,-tx-73153",6305,Joe80@gmail.com
Universidad-nacional-de-río-cuarto,Licenciatura-en-ciencias-geológicas,20/Nov/20,James,smith,M,12.0,"73428-amber-lane
new-matthewmouth,-mt-66568",3050,Jessicagibbs@yahoo.com
Universidad-nacional-de-río-cuarto,Farmacia,21/Dec/20,Matthew,meyer,M,27.0,"484-howard-cove-suite-913
aliciamouth,-ca-77181",9211,Drew16@gmail.com
Universidad-nacional-de-río-cuarto,Licenciatura-en-artes,20/Jan/21,Elizabeth,cruz,F,16.0,"2893-gordon-ramp-apt.-794
jayville,-nc-34972",3105,Uhenry@gmail.com
Universidad-nacional-de-río-cuarto,Licenciatura-en-producción-de-bioimagenes,19/Nov/20,Larry,jackson,M,60.0,"6513-keith-mill
lake-elizabeth,-wi-66281",3142,Tcummings@hotmail.com
Universidad-nacional-de-río-cuarto,Arquitectura,21/Dec/20,Norman,hernandez,M,73.0,"81524-peterson-avenue
west-alan,-fl-38084",3361,Qmathews@yahoo.com
Universidad-nacional-de-río-cuarto,Licenciatura-en-terapia-ocupacional,19/Nov/20,Samantha,moore,F,78.0,"Uss-mcdowell
fpo-ap-15282",3361,Poconnell@hotmail.com
Universidad-nacional-de-río-cuarto,Técnico-para-bioterios-,21/Nov/20,Michelle,moss,F,9.0,"91378-house-spurs-apt.-733
gordonton,-wa-96994",5473,Jirwin@yahoo.com
Universidad-nacional-de-río-cuarto,Licenciatura-en-relaciones-del-trabajo-,21/Jan/21,Kevin,thomas,M,88.0,"9745-erin-spring
west-scott,-ky-88372",6632,Chad28@yahoo.com
Universidad-nacional-de-río-cuarto,Licenciatura-en-ciencia-y-tecnología-de-alimentos,20/Jan/21,Robin,nash,F,77.0,"254-amy-forks
nancyfurt,-hi-50320",3300,Jasminebrown@yahoo.com
Universidad-nacional-de-río-cuarto,Licenciatura-en-administración-,20/Oct/20,Stephen,estrada,M,88.0,"876-michael-pines
nolanview,-fl-76635",2208,Schultzmindy@yahoo.com
Universidad-nacional-de-río-cuarto,Arquitectura,21/Sep/20,Jerry,bradley,M,44.0,"4523-wang-radial
lake-frankland,-ma-65599",3358,Kimberlywhitaker@hotmail.com
Universidad-nacional-de-río-cuarto,Farmacia,19/Nov/20,Karen,pruitt,F,100.0,"096-blackwell-heights-apt.-790
east-holly,-la-23040",7547,Smithhannah@yahoo.com
Universidad-nacional-de-río-cuarto,Licenciatura-en-producción-de-bioimagenes,20/Dec/20,Brian,bell,M,13.0,"56812-melvin-village-apt.-542
east-stephanie,-ri-56718",4630,Shannongonzalez@hotmail.com
Universidad-nacional-de-río-cuarto,Licenciatura-en-terapia-ocupacional,20/Jan/21,Seth,caldwell,M,64.0,"568-garcia-land
west-stephanie,-md-87141",6643,Kelly26@hotmail.com
Universidad-nacional-de-río-cuarto,Licenciatura-en-terapia-ocupacional,20/Nov/20,Scott,cox,M,15.0,"63299-york-junction-apt.-721
jorgefort,-ut-91070",1686,Brendamorales@yahoo.com
Universidad-nacional-de-río-cuarto,Licenciatura-en-sociología-,20/Oct/20,Michelle,perry,F,76.0,"9525-julie-street
new-megan,-vt-04577",9217,Marcusparks@yahoo.com
Universidad-nacional-de-río-cuarto,Licenciatura-en-ciencias-ambientales,20/Oct/20,Marcus,fuller,M,11.0,"08679-stewart-manors
adkinsmouth,-ia-45507",8127,Herrerasarah@yahoo.com
Universidad-nacional-de-río-cuarto,Licenciatura-en-producción-de-bioimagenes,20/Jan/21,Virginia,murphy,F,48.0,"Psc-7859,-box-7031
apo-aa-93779",2630,Geraldchandler@hotmail.com
Universidad-nacional-de-río-cuarto,Licenciatura-en-kinesiología-y-fisiatría,19/Nov/20,Megan,stark,F,13.0,"752-kristie-spur
paulfort,-md-64500",2618,Kenneth42@yahoo.com
Universidad-nacional-de-río-cuarto,Ingeniería-electrónica,21/Oct/20,Adam,smith,M,92.0,"6440-perez-neck
hallview,-nm-98249",4184,Therman@yahoo.com
Universidad-nacional-de-río-cuarto,Ingeniería-mecánica,21/Oct/20,Michael,baldwin,M,59.0,"374-tyler-vista-apt.-289
port-jamiefurt,-wv-53841",6013,Victoriahill@gmail.com
Universidad-nacional-de-río-cuarto,Contador-público-,20/Dec/20,Robert,keller,M,83.0,"4508-phillip-ferry
christianstad,-ma-79507",3451,Hcarter@yahoo.com
Universidad-nacional-de-río-cuarto,Licenciatura-en-sociología-,19/Dec/20,Heather,morgan,F,14.0,"6631-tony-mountains
karaborough,-vt-75051",3351,Michaelandrade@hotmail.com
Universidad-nacional-de-río-cuarto,Licenciatura-en-ciencias-de-la-educación-,20/Dec/20,Danielle,mclean,F,48.0,"232-amy-ports-suite-342
karaside,-nh-08311",2852,Beckdaniel@gmail.com
Universidad-nacional-de-río-cuarto,Licenciatura-en-ciencias-geológicas,20/Sep/20,Sara,richardson,F,27.0,"349-bush-groves
south-cheyenneside,-ny-35789",3183,Hsavage@gmail.com
Universidad-nacional-de-río-cuarto,Licenciatura-en-relaciones-del-trabajo-,19/Oct/20,Edward,wilson,M,10.0,"97488-ralph-ways
west-megan,-oh-24110",6465,Salazaralbert@gmail.com
Universidad-nacional-de-río-cuarto,Contador-público-,20/Nov/20,Alison,kaufman,F,43.0,"5590-white-roads
port-marco,-nm-94604",3162,Jade42@yahoo.com
Universidad-nacional-de-río-cuarto,Bioquímica,21/Dec/20,Julie,meyer,F,12.0,"7776-alexandra-harbor
port-john,-de-06446",5589,Smithandrew@hotmail.com
